source,n,inv_merge,inv_bit,inv_quick,max_inv,reliability
source1.txt,10000,20663210,20663210,20532146,49376953,0.581521
source2.txt,10000,20483100,20483100,20341628,49376953,0.585169
source3.txt,10000,20540638,20540638,20381104,49376953,0.584004
source4.txt,10000,20338069,20338069,20209618,49376953,0.588106
source5.txt,10000,20559713,20559713,20443502,49376953,0.583617
